"name","location","price","price_for","room_type","beds","rating","rating_title","number_of_ratings"
"Smart Hyde Park Inn Hostel","Westminster Borough, London Show on map","£12","1 night, 1 adult","Bed in 9-Bed Mixed Dormitory Room with Private Bathroom","1 bunk bed","7.0","Good","4,053 reviews"
"Smart Hyde Park View Hostel","Westminster Borough, London Show on map","£12","1 night, 1 adult","Bed in Mixed Dormitory Room for 9 people with Bathroom","1 bunk bed","7.3","Good","3,457 reviews"
"Smart Russell Square Hostel","Camden, London Show on map","£12","1 night, 1 adult","Single Bed in 15 bed Mixed Dormitory with Private Bathroom","1 bunk bed","7.1","Good","6,865 reviews"
"Generator London","Camden, London Show on map","£13","1 night, 1 adult","Bunk Bed in Mixed Dormitory Room","1 bunk bed","7.5","Good","5,901 reviews"
"London Waterloo Hostel","Lambeth, London Show on map","£17","1 night, 1 adult","Bed in 6-Bed Mixed Dormitory Room","1 bunk bed","6.3","Review score","888 reviews"
"Corbigoe Hotel","Westminster Borough, London Show on map","£18","1 night, 1 adult","Small Single Room","1 single bed","4.6","Review score","1,756 reviews"
"Strand Continental","Westminster Borough, London Show on map","£16","1 night, 1 adult","Bed in 6-Bed Mixed Dormitory Room","1 bunk bed","6.5","Review score","1,279 reviews"
"Saint James Backpackers","Kensington and Chelsea, London Show on map","£20","1 night, 1 adult","Bed in 4-Bed Mixed Dormitory Room","1 bunk bed","7.4","Good","698 reviews"
"Anwar House","Kensington and Chelsea, London Show on map","£23","1 night, 1 adult","Double or Twin Room with Bathroom","2 single beds","6.3","Review score","1,145 reviews"
"Cromwell International Hotel","Kensington and Chelsea, London Show on map","£23","1 night, 1 adult","Superior Single Room","","6.1","Review score","3,793 reviews"
"OYO Studios @ 28","Westminster Borough, London Show on map","£24","1 night, 1 adult","Standard Single Room","1 single bed","6.5","Review score","111 reviews"
"OYO London 24 Sussex","Westminster Borough, London Show on map","£21","1 night, 1 adult","Standard Single Room with Shared Bathroom","1 single bed","6.3","Review score","616 reviews"
"Chester Hotel","Westminster Borough, London Show on map","£24","1 night, 1 adult","Single Room with Private Bathroom","1 single bed","5.6","Review score","1,908 reviews"
"Hotel Olympia","Kensington and Chelsea, London Show on map","£24","1 night, 1 adult","Double Room","1 double bed","5.5","Review score","1,136 reviews"
"Earls Court Garden Hotel","Kensington and Chelsea, London Show on map","£24","1 night, 1 adult","Comfort Double Room","1 double bed","5.3","Review score","1,164 reviews"
"St George Hotel","Westminster Borough, London Show on map","£24","1 night, 1 adult","Standard Double Room","1 double bed","6.1","Review score","2,180 reviews"
"Sheriff Hotel","Westminster Borough, London Show on map","£25","1 night, 1 adult","City Single Ensuite","1 single bed","6.8","Review score","1,034 reviews"
"SoHostel","Westminster Borough, London Show on map","£25","1 night, 1 adult","Deluxe Twin Room","2 bunk beds","8.3","Very good","4,519 reviews"
"Daisy Hotel","Camden, London Show on map","£26","1 night, 1 adult","Quadruple Room","2 double beds","6.4","Review score","310 reviews"
"London hotel","Westminster Borough, London Show on map","£25","1 night, 1 adult","Single Room","1 single bed","6.7","Review score","39 reviews"
"Hyde Park Court Hotel","Westminster Borough, London Show on map","£28","1 night, 1 adult","Double Room","1 double bed","5.9","Review score","721 reviews"
"Park Avenue Inn Craven London Hyde Park","Westminster Borough, London Show on map","£29","1 night, 1 adult","Single Room","1 single bed","7.5","Good","104 reviews"
"easyHotel Paddington","Westminster Borough, London Show on map","£29","1 night, 1 adult","Small Double Room without Window","1 double bed","6.3","Review score","1,367 reviews"
"OYO Boston Court Hotel","Westminster Borough, London Show on map","£26","1 night, 1 adult","Standard Single Room with Shared Bathroom","1 single bed","6.4","Review score","685 reviews"
"Mowbray Court Hotel","Kensington and Chelsea, London Show on map","£26","1 night, 1 adult","Single Room","1 single bed","7.7","Good","5,157 reviews"
"Victor Hotel - London Victoria","Westminster Borough, London Show on map","£26","1 night, 1 adult","Double Room","1 double bed","7.7","Good","1,208 reviews"
"Eden Plaza Kensington","Kensington and Chelsea, London Show on map","£30","1 night, 1 adult","Single Room","1 single bed","7.5","Good","4,148 reviews"
"European Hotel","Camden, London Show on map","£30","1 night, 1 adult","Basic Single Room with Shared Bathroom","1 single bed","6.8","Review score","3,244 reviews"
"The Belgrove Hotel","Camden, London Show on map","£30","1 night, 1 adult","Single Room with Shared Bathroom","1 single bed","6.7","Review score","2,968 reviews"
"Colliers Hotel","Westminster Borough, London Show on map","£26","1 night, 1 adult","Double Room with private toilet and shower","1 double bed","6.7","Review score","1,626 reviews"
"Carlton Hotel B&B","Westminster Borough, London Show on map","£26","1 night, 1 adult","Double Room with private toilet and shower","1 double bed","7.2","Good","1,190 reviews"
"The Tudor Inn Hotel","Westminster Borough, London Show on map","£26","1 night, 1 adult","Deluxe Single Room","1 single bed","6.7","Review score","546 reviews"
"OYO The Park Hotel","Westminster Borough, London Show on map","£31","1 night, 1 adult","Standard Double Room","1 double bed","7.0","Good","314 reviews"
"Enrico Hotel","Westminster Borough, London Show on map","£32","1 night, 1 adult","Standard Single Room with Shared Bathroom","1 single bed","6.6","Review score","1,684 reviews"
"Best Western Mornington Hotel Hyde Park","Westminster Borough, London Show on map","£32","1 night, 1 adult","Single Room","1 single bed","8.2","Very good","2,509 reviews"
"Exhibition Court Hotel 4","Kensington and Chelsea, London Show on map","£29","1 night, 1 adult","Standard Double Room","1 double bed","5.8","Review score","1,370 reviews"
"Wedgewood Hotel","Westminster Borough, London Show on map","£29","1 night, 1 adult","Single Room","1 single bed","6.7","Review score","2,197 reviews"
"OYO Flagship Huttons","Westminster Borough, London Show on map","£30","1 night, 1 adult","Standard Quadruple Room","3 beds
(2 singles, 1 double)","7.2","Good","2,120 reviews"
"Linden House Hotel","Westminster Borough, London Show on map","£34","1 night, 1 adult","Standard Double Room (1 Adult)","1 double bed","7.2","Good","2,512 reviews"
"Sidney Hotel London-Victoria","Westminster Borough, London Show on map","£35","1 night, 1 adult","Single Room","1 single bed","8.2","Very good","4,945 reviews"
"Hyde Park Suites","Westminster Borough, London Show on map","£31","1 night, 1 adult","Double Room","1 double bed","7.3","Good","957 reviews"
"Guilford House Hotel","Camden, London Show on map","£31","1 night, 1 adult","Single Room","1 single bed","6.1","Review score","472 reviews"
"Barry House","Westminster Borough, London Show on map","£35","1 night, 1 adult","Basic Single Room with Shared Bathroom","1 single bed","7.4","Good","562 reviews"
"OYO Townhouse Apollo","Westminster Borough, London Show on map","£36","1 night, 1 adult","Standard Double Room","1 double bed","6.7","Review score","182 reviews"
"Alexandra Hotel","Westminster Borough, London Show on map","£32","1 night, 1 adult","Twin Room","2 single beds","7.0","Good","2,851 reviews"
"The Oval House","Lambeth, London Show on map","£36","1 night, 1 adult","Double Room with Shared Bathroom","1 double bed","8.8","Fabulous","62 reviews"
"Seymour Hotel","Westminster Borough, London Show on map","£32","1 night, 1 adult","Double or Twin Room","2 single beds","5.7","Review score","872 reviews"
"Queens Park Hotel","Westminster Borough, London Show on map","£37","1 night, 1 adult","Double Room","1 double bed","7.1","Good","3,257 reviews"
"Dolphin Inn - The Lodge","Westminster Borough, London Show on map","£34","1 night, 1 adult","Single Room with Bathroom","1 single bed","7.9","Good","448 reviews"
"The Premier Notting Hill","Kensington and Chelsea, London Show on map","£38","1 night, 1 adult","Deluxe Single Room","1 single bed","7.8","Good","2,362 reviews"
"Townhouse in Piccadilly Circus","Westminster Borough, London Show on map","£38","1 night, 1 adult","Standard Queen Room","1 large double bed","","",""
"Key Worker Accommodation","Westminster Borough, London Show on map","£38","1 night, 1 adult","Deluxe Double Room","1 double bed","","",""
"OYO Bakers Hotel","Westminster Borough, London Show on map","£38","1 night, 1 adult","Standard Double Room","1 double bed","8.0","Very good","794 reviews"
"Park Avenue Bayswater Inn Hyde Park","Westminster Borough, London Show on map","£38","1 night, 1 adult","Twin Room","2 single beds","7.2","Good","216 reviews"
"Rhodes Hotel","Westminster Borough, London Show on map","£39","1 night, 1 adult","Single Room","1 single bed","8.2","Very good","1,637 reviews"
"Imperial Court Studios","Westminster Borough, London Show on map","£39","1 night, 1 adult","Studio Apartment","1 double bed","6.5","Review score","643 reviews"
"Hyde Park Superior Apartments","Westminster Borough, London Show on map","£39","1 night, 1 adult","Superior Double Studio","1 double bed","6.5","Review score","795 reviews"
"New Kent Apartments","Westminster Borough, London Show on map","£39","1 night, 1 adult","Studio Apartment","1 double bed","6.9","Review score","335 reviews"
"ibis Styles London Kensington","Kensington and Chelsea, London Show on map","£39","1 night, 1 adult","Standard Twin Room","2 single beds","7.7","Good","2,482 reviews"
"City Rooms","Tower Hamlets, London Show on map","£35","1 night, 1 adult","Budget Double Room","1 double bed","7.4","Good","167 reviews"
"So Paddington Hotel","Westminster Borough, London Show on map","£39","1 night, 1 adult","Standard Double Room","1 double bed","6.5","Review score","417 reviews"
"Classic Hotel","Westminster Borough, London Show on map","£39","1 night, 1 adult","Single Room","1 single bed","7.2","Good","710 reviews"
"Apartments of London","Westminster Borough, London Show on map","£40","1 night, 1 adult","Double Room with Shared Bathroom","1 double bed","6.4","Review score","576 reviews"
"easyHotel London City Shoreditch","Islington, London Show on map","£40","1 night, 1 adult","Double Room without Window","1 double bed","7.1","Good","1,216 reviews"
"Hotel Edward Paddington","Westminster Borough, London Show on map","£40","1 night, 1 adult","Single Room","1 single bed","7.4","Good","3,648 reviews"
"Park Grand London Hyde Park","Westminster Borough, London Show on map","£40","1 night, 1 adult","Deluxe Twin Room","2 single beds","7.6","Good","2,431 reviews"
"Classic Hyde Park Hotel","Westminster Borough, London Show on map","£40","1 night, 1 adult","Standard Single Room","1 single bed","7.2","Good","937 reviews"
"Hyde Park International - Member of Park Grand London","Westminster Borough, London Show on map","£40","1 night, 1 adult","Deluxe Double Room","1 double bed","7.8","Good","1,747 reviews"
"ABC Hyde Park Hotel","Westminster Borough, London Show on map","£40","1 night, 1 adult","Single Room","1 single bed","7.1","Good","1,458 reviews"
"Dolphin Hotel","Westminster Borough, London Show on map","£40","1 night, 1 adult","Single Room","1 single bed","7.3","Good","305 reviews"
"Ventures Hotel","Westminster Borough, London Show on map","£40","1 night, 1 adult","Single Room","1 single bed","5.6","Review score","2,025 reviews"
"OYO Townhouse 30 Sussex Hotel","Westminster Borough, London Show on map","£40","1 night, 1 adult","Standard Double Room","1 double bed","8.0","Very good","808 reviews"
"Point A Hotel London Kings Cross – St Pancras","Camden, London Show on map","£41","1 night, 1 adult","Twin Room - No Window","2 single beds","8.0","Very good","3,695 reviews"
"Point A Kensington Olympia","Kensington and Chelsea, London Show on map","£41","1 night, 1 adult","Cosy Twin without Window","2 single beds","8.2","Very good","940 reviews"
"Point A Hotel London Westminster","Lambeth, London Show on map","£41","1 night, 1 adult","Double Room without Window","1 double bed","8.1","Very good","1,554 reviews"
"White House Hotel","Westminster Borough, London Show on map","£41","1 night, 1 adult","Double Room","1 double bed","7.2","Good","1,599 reviews"
"Grenville House Hotel","Camden, London Show on map","£41","1 night, 1 adult","Twin Room","2 single beds","6.1","Review score","262 reviews"
"Lord Jim Hotel London Kensington","Kensington and Chelsea, London Show on map","£37","1 night, 1 adult","Single Room with Shared Bathroom","1 single bed","7.2","Good","2,138 reviews"
"The 29 London - FKA Airways Hotel Victoria","Westminster Borough, London Show on map","£35","1 night, 1 adult","Single Room with private toilet and shower","1 single bed","7.6","Good","2,402 reviews"
"Shakespeare Hotel","Westminster Borough, London Show on map","£37","1 night, 1 adult","Single Room","1 single bed","7.1","Good","485 reviews"
"St George's Inn Victoria","Westminster Borough, London Show on map","£35","1 night, 1 adult","Single Room with Private Bathroom","1 single bed","7.4","Good","1,504 reviews"
"Albany Hotel","Camden, London Show on map","£42","1 night, 1 adult","Single Room","1 single bed","5.8","Review score","718 reviews"
"Lancaster Gate Hotel","Westminster Borough, London Show on map","£43","1 night, 1 adult","Single Room","1 single bed","8.1","Very good","4,195 reviews"
"London Queen's Eurostar - Kings Cross","Camden, London Show on map","£40","1 night, 1 adult","Double Room with Shared Bathroom","1 double bed","6.6","Review score","114 reviews"
"Alhambra Hotel","Camden, London Show on map","£43","1 night, 1 adult","Single Room with Shared Bathroom","1 single bed","8.3","Very good","2,232 reviews"
"Regency House Hotel","Camden, London Show on map","£43","1 night, 1 adult","Double Room","1 double bed","8.2","Very good","451 reviews"
"Ravna Gora","Kensington and Chelsea, London Show on map","£38","1 night, 1 adult","Single Room with Shared Bathroom","1 single bed","8.0","Very good","1,522 reviews"
"NOX HOTELS - Lancaster Gate","Westminster Borough, London Show on map","£43","1 night, 1 adult","Double Room","1 double bed","8.8","Fabulous","1,270 reviews"
"Piccolino Hyde Park Hotel","Westminster Borough, London Show on map","£43","1 night, 1 adult","Standard Double Room","1 double bed","7.8","Good","921 reviews"
"Mornington Hotel London Victoria","Westminster Borough, London Show on map","£43","1 night, 1 adult","Single Room with Balcony","1 single bed","8.0","Very good","1,241 reviews"
"Urbany Hostel London","Westminster Borough, London Show on map","£43","1 night, 1 adult","Double Room with Shared Bathroom","1 double bed","8.8","Fabulous","137 reviews"
"Imperial Court Suites","Westminster Borough, London Show on map","£44","1 night, 1 adult","Superior Studio (2 Adults)","1 double bed","6.8","Review score","893 reviews"
"Dover Hotel - B&B","Westminster Borough, London Show on map","£39","1 night, 1 adult","Double Room with Shared Toilet","1 double bed","7.6","Good","994 reviews"
"Rose Park Hotel","Westminster Borough, London Show on map","£31","1 night, 1 adult","Single Room","1 single bed","6.9","Review score","1,145 reviews"
"Dean Court","Westminster Borough, London Show on map","£44","1 night, 1 adult","Double Room with Shared Bathroom","1 double bed","7.1","Good","56 reviews"
"London House Hotel","Westminster Borough, London Show on map","£45","1 night, 1 adult","Small Single Room","1 single bed","8.1","Very good","2,121 reviews"
"NOX HOTELS - Waterloo","Lambeth, London Show on map","£45","1 night, 1 adult","Double Studio (Lower Ground Floor)","1 double bed","8.6","Fabulous","598 reviews"
"Point A London Liverpool Street","Tower Hamlets, London Show on map","£40","1 night, 1 adult","Double Room without Window - Disability Access","1 double bed","8.3","Very good","2,619 reviews"
"Point A Hotel London Paddington","Westminster Borough, London Show on map","£40","1 night, 1 adult","Twin Room - No Window","2 single beds","8.0","Very good","1,507 reviews"
"Hyde Park Apartments","Westminster Borough, London Show on map","£45","1 night, 1 adult","Studio (2 Adults)","1 double bed","8.0","Very good","1,410 reviews"
"The Jays Guest House","Bristol Show on map","£38","1 night, 1 adult","Single Room with Shared Bathroom","1 single bed","8.0","Very good","91 reviews"
"Clift Guest House","Bristol Show on map","£42","1 night, 1 adult","Double Room Ensuite","1 double bed","6.5","Review score","256 reviews"
"Acorns Guest House","Bristol Show on map","£45","1 night, 1 adult","Double Room","1 large double bed","9.1","Superb","568 reviews"
"Newditch Farm Accommodation","Bristol Show on map","£49","1 night, 1 adult","Maisonette","1 single bed","9.4","Superb","179 reviews"
"ibis Bristol Temple Meads","Old Market, Bristol Show on map","£50","1 night, 1 adult","Standard Twin Room","2 single beds","8.3","Very good","3,111 reviews"
"Mercure Bristol North The Grange Hotel","Bristol Show on map","£50","1 night, 1 adult","Classic Family Room","2 beds
(1 double, 1 sofa bed)","7.3","Good","816 reviews"
"Hampton by Hilton Bristol City Centre","Bristol Show on map","£52","1 night, 1 adult","Queen Room","1 large double bed","8.4","Very good","6,052 reviews"
"ibis Bristol Centre","Harbourside, Bristol Show on map","£53","1 night, 1 adult","Standard Twin Room","2 single beds","8.2","Very good","5,309 reviews"
"Holiday Inn Bristol City Centre","Bristol Show on map","£55","1 night, 1 adult","Twin Room","2 single beds","8.4","Very good","1,110 reviews"
"Holiday Inn Express Bristol City Centre","Temple, Bristol Show on map","£55","1 night, 1 adult","Room allocated on arrival","Beds: 1 double or 2 singles","8.3","Very good","3,531 reviews"
"Mercure Bristol Grand Hotel","Bristol Old City, Bristol Show on map","£55","1 night, 1 adult","Standard Twin Room","2 single beds","7.8","Good","4,372 reviews"
"The Ashville","Bristol Show on map","£55","1 night, 1 adult","Double Room","1 double bed","8.1","Very good","623 reviews"
"The Ashville Mews","Bristol Show on map","£55","1 night, 1 adult","Deluxe Double Studio","1 double bed","8.6","Fabulous","428 reviews"
"The Cottage","Bristol Show on map","£55","1 night, 1 adult","Double Room","1 double bed","8.9","Fabulous","219 reviews"
"The Berkeley Square Hotel Bristol","Bristol Show on map","£56","1 night, 1 adult","Single Room","1 single bed","7.8","Good","964 reviews"
"Future Inn Bristol","Old Market, Bristol Show on map","£59","1 night, 1 adult","Double Room","1 extra-large double bed","8.7","Fabulous","4,371 reviews"
"DoubleTree by Hilton Bristol North","Bristol Show on map","£59","1 night, 1 adult","Queen Guest Room","1 large double bed","7.8","Good","1,863 reviews"
"Holiday Inn Bristol Filton","Bristol Show on map","£59","1 night, 1 adult","Twin Room","2 single beds","7.8","Good","1,303 reviews"
"Filton Guest House","Bristol Show on map","£59","1 night, 1 adult","Single Room","1 single bed","7.7","Good","192 reviews"
"The Langley Arms Bed and Breakfast","Bristol Show on map","£60","1 night, 1 adult","Double Room","1 double bed","7.9","Good","646 reviews"
"Holly Grove","Bristol Show on map","£60","1 night, 1 adult","Double Room with Private Bathroom","1 double bed","7.8","Good","42 reviews"
"Holiday Inn Express Bristol Filton","Bristol Show on map","£63","1 night, 1 adult","Double Room - Non-Smoking","1 double bed","8.3","Very good","3,783 reviews"
"501 Bar's Convenient Rooms - Main","Bristol Show on map","£64","1 night, 1 adult","Double Room","","","",""
"Lodge at Bristol","Bristol Show on map","£65","1 night, 1 adult","Family Room (2 Adults + 2 Children)","2 beds
(1 double, 1 sofa bed)","8.5","Very good","930 reviews"
"Hilton Garden Inn Bristol City Centre","Temple, Bristol Show on map","£65","1 night, 1 adult","Queen Room","1 double bed","8.6","Fabulous","2,690 reviews"
"The Coach House","Bristol Show on map","£59","1 night, 1 adult","Standard Double Room","1 double bed","7.8","Good","504 reviews"
"DoubleTree by Hilton Bristol City Centre","Redcliffe, Bristol Show on map","£69","1 night, 1 adult","Queen Guest Room","1 double bed","8.3","Very good","2,123 reviews"
"Mercure Bristol Holland House","Redcliffe, Bristol Show on map","£69","1 night, 1 adult","Double Room","1 large double bed","8.0","Very good","4,864 reviews"
"Village Hotel Bristol Filton","Bristol Show on map","£70","1 night, 1 adult","Standard Twin Room","Multiple bed types","8.2","Very good","1,179 reviews"
"3 Berkeley Square","Bristol Show on map","£70","1 night, 1 adult","Standard King Room","1 extra-large double bed","9.4","Superb","368 reviews"
"The Old Farmhouse","Bristol Show on map","£70","1 night, 1 adult","Deluxe Double with En-Suite","1 double bed","7.9","Good","382 reviews"
"The Fox","Bristol Show on map","£64","1 night, 1 adult","Standard Twin Room with Shared Bathroom","2 single beds","6.9","Review score","52 reviews"
"The Base (Plant Based)","Bristol Show on map","£68","1 night, 1 adult","Double Ensuite in Main House (Garden View)","1 large double bed","9.4","Superb","170 reviews"
"Unique & Homely Suite With Own Access","Clifton, Bristol Show on map","£74","1 night, 1 adult","Suite","1 double bed","","",""
"The Dark Horse","Bristol Show on map","£72","1 night, 1 adult","King Room","1 large double bed","7.9","Good","125 reviews"
"Hotel du Vin Bristol","Broadmead, Bristol Show on map","£89","1 night, 1 adult","Standard Double Room","1 double bed","9.0","Superb","918 reviews"
"Ferndale Mews","Bristol Show on map","£89","1 night, 1 adult","Superior Double Room","1 double bed","8.8","Fabulous","24 reviews"
"Bristol Marriott Royal Hotel","Bristol Show on map","£90","1 night, 1 adult","Deluxe King or Queen Room","1 extra-large double bed","8.5","Very good","4,322 reviews"
"Aztec Hotel and Spa","Bristol Show on map","£102","1 night, 1 adult","Double Room","1 double bed","8.5","Very good","946 reviews"
"Berkeley Suites","Bristol Show on map","£112","1 night, 1 adult","Deluxe Suite","1 large double bed","7.8","Good","63 reviews"
"SACO Bristol - West India House","Bristol Old City, Bristol Show on map","£159","1 night, 1 adult","Superior Apartment","1 large double bed","8.9","Fabulous","98 reviews"
"White Hart Inn","Bodmin Show on map","£34","1 night, 1 adult","Single Room with Shower","1 single bed","5.4","Review score","291 reviews"
"Lowenac Hotel","Camborne Show on map","£45","1 night, 1 adult","Superior Double Room","1 large double bed","8.5","Very good","245 reviews"
"Trehellas Country House Hotel, Steak House & Grill","Bodmin Show on map","£49","1 night, 1 adult","St. Mabyn Single","1 single bed","8.3","Very good","905 reviews"
"Boleyn house","Bodmin Show on map","£45","1 night, 1 adult","Double Room with its own entrance","1 double bed","9.2","Superb","208 reviews"
"The Mount View Hotel, Bed & Breakfast","Penzance Show on map","£46","1 night, 1 adult","Triple Room with Shower","2 beds
(1 single, 1 double)","7.4","Good","86 reviews"
"Carnson House","Penzance Show on map","£50","1 night, 1 adult","Single En Suite Room 2","1 single bed","8.5","Very good","267 reviews"
"Cosy annex.","Threemilestone Show on map","£49","1 night, 1 adult","One-Bedroom Apartment","1 double bed","7.8","Good","24 reviews"
"Upton Cross B&B","Bude Show on map","£50","1 night, 1 adult","Double or Twin Room with Sea View","Multiple bed types","8.5","Very good","222 reviews"
"Family Room Large Double & Single Bed En-Suite","Camborne Show on map","£50","1 night, 1 adult","One-Bedroom Apartment","1 double bed","7.4","Good","21 reviews"
"Kingsize Room Close To The A30 Camborne","Pool Show on map","£51","1 night, 1 adult","King Room","1 extra-large double bed","8.5","Very good","20 reviews"
"Newquay getaways","Newquay Bay Resort Show on map","£53","1 night, 1 adult","Caravan","4 beds
(2 singles, 1 double, 1 sofa bed)","","",""
"The Cornubia Inn","Hayle Show on map","£54","1 night, 1 adult","Standard Double Room","1 double bed","7.7","Good","209 reviews"
"The Weary Friar Inn","Pillaton Show on map","£60","1 night, 1 adult","Standard Double Room","1 double bed","8.2","Very good","303 reviews"
"Wheal Tor","Liskeard Show on map","£60","1 night, 1 adult","Superior Double Room","1 extra-large double bed","7.5","Good","479 reviews"
"Stibb Down Farmhouse Panoramic Views","Poughill Show on map","£55","1 night, 1 adult","Double Room with Shared Bathroom","1 double bed","8.3","Very good","43 reviews"
"The Kings Head","Chacewater Show on map","£55","1 night, 1 adult","Double Room with Shared Bathroom","1 double bed","7.3","Good","59 reviews"
"Molesworth Arms","Wadebridge Show on map","£62","1 night, 1 adult","Twin Room","2 single beds","8.2","Very good","313 reviews"
"The Haven","Portreath Show on map","£59","1 night, 1 adult","Apartment - Ground Floor","1 large double bed","9.0","Superb","236 reviews"
"Crown House & Lodges B&B","Helston Show on map","£65","1 night, 1 adult","Double or Twin Room with Private Bathroom","2 beds
(1 single, 1 large double)","9.5","Exceptional","217 reviews"
"Bridgeside Guest House","Looe Show on map","£59","1 night, 1 adult","Twin Room with Garden View","2 single beds","9.3","Superb","313 reviews"
"Trelawney Cottage, Sleeps up to 4, Wifi, Fully equipped","Menheniot Show on map","£59","1 night, 1 adult","Holiday Home","3 beds
(2 singles, 1 double)","8.4","Very good","67 reviews"
"Culloden Farmhouse","Camelford Show on map","£65","1 night, 1 adult","Deluxe King Room","1 large double bed","9.2","Superb","100 reviews"
"The Paris Hotel","Coverack Show on map","£62","1 night, 1 adult","Twin Room","2 single beds","8.7","Fabulous","139 reviews"
"The Norway Inn","Perranwell Show on map","£70","1 night, 1 adult","Standard King Room","Multiple bed types","8.8","Fabulous","256 reviews"
"OYO Elnor Guest House","Liskeard Show on map","£63","1 night, 1 adult","Standard Twin Room","2 single beds","8.8","Fabulous","250 reviews"
"The Western","St Ives Show on map","£72","1 night, 1 adult","Standard Single Room","1 single bed","8.1","Very good","1,130 reviews"
"Westberry Hotel","Bodmin Show on map","£73","1 night, 1 adult","Twin Room","2 single beds","8.3","Very good","340 reviews"
"TOWNHOUSE ROOMS","Truro Show on map","£75","1 night, 1 adult","Deluxe Large Double Room","1 large double bed","9.3","Superb","275 reviews"
"the Engine Inn","Penzance Show on map","£68","1 night, 1 adult","Double Room","1 extra-large double bed","8.3","Very good","19 reviews"
"Elements","Bude Show on map","£76","1 night, 1 adult","Small Double Room","1 double bed","8.7","Fabulous","673 reviews"
"The Rising Sun","Saint Mawes Show on map","£78","1 night, 1 adult","Single Room","1 single bed","8.6","Fabulous","189 reviews"
"Penventon Park Hotel","Redruth Show on map","£79","1 night, 1 adult","Single Room","1 single bed","8.4","Very good","960 reviews"
"Star & Garter","Falmouth Show on map","£73","1 night, 1 adult","One-Bedroom Apartment","1 double bed","9.3","Superb","41 reviews"
"The Grove Falmouth","Falmouth Show on map","£80","1 night, 1 adult","Standard Double Room","1 double bed","7.7","Good","83 reviews"
"Sycamore Farm","Launceston Show on map","£73","1 night, 1 adult","Double Room with Private Bathroom","1 large double bed","9.2","Superb","47 reviews"
"Innis Guest house and campsite","Penwithick Show on map","£73","1 night, 1 adult","Double Room with Shared Bathroom","1 double bed","7.3","Good","112 reviews"
"Oakwood House","Camborne Show on map","£73","1 night, 1 adult","One-Bedroom Apartment","1 double bed","","",""
"Greenbank Hotel","Falmouth Show on map","£80","1 night, 1 adult","Classic Double or Twin Room with Sea View","1 double bed","8.8","Fabulous","1,193 reviews"
"Griffin Inn","Newquay City Centre, Newquay Show on map","£81","1 night, 1 adult","Twin Room","2 single beds","8.4","Very good","649 reviews"
"Smeaton Farm Luxury B&B","St Mellion Show on map","£85","1 night, 1 adult","Deluxe Double Room with Bath","1 double bed","9.2","Superb","133 reviews"
"Cadson Manor","Callington Show on map","£85","1 night, 1 adult","Deluxe Double Room","1 double bed","9.7","Exceptional","62 reviews"
"The Thirsty Scholar","Penryn Show on map","£90","1 night, 1 adult","Double Room with Bathroom","1 double bed","8.8","Fabulous","156 reviews"
"The Old School","Porthtowan Show on map","£86","1 night, 1 adult","One-Bedroom Apartment","1 large double bed","","",""
"St Agnes Hotel","St. Agnes Show on map","£95","1 night, 1 adult","Quadruple Room","3 beds
(2 singles, 1 extra-large double)","8.6","Fabulous","206 reviews"
"Braemar","Falmouth Show on map","£95","1 night, 1 adult","Double Room with Private Bathroom","1 double bed","9.3","Superb","396 reviews"
"Great Trethew Manor Hotel & Restaurant","Liskeard Show on map","£95","1 night, 1 adult","Double Room with Private Bathroom","1 double bed","8.6","Fabulous","103 reviews"
"The Alverton","Truro Show on map","£99","1 night, 1 adult","Superior Double Room","1 large double bed","8.7","Fabulous","1,251 reviews"
"The Ship Inn","Fowey Show on map","£99","1 night, 1 adult","Double Room","1 double bed","8.2","Very good","285 reviews"
"The Swordfish Inn","Penzance Show on map","£100","1 night, 1 adult","Double Room","1 double bed","8.6","Fabulous","192 reviews"
"Palm Cottage","Redruth Show on map","£91","1 night, 1 adult","Two-Bedroom Chalet","3 beds
(1 single, 1 double, 1 sofa bed)","7.6","Good","57 reviews"
"Colliford Lake Tavern & Holiday Park","Saint Neot Show on map","£97","1 night, 1 adult","Deluxe Double Room","1 double bed","6.9","Review score","247 reviews"
"Pinetum Garden Cottages","St Austell Show on map","£120","1 night, 1 adult","Studio House","2 beds
(1 double, 1 futon)","9.2","Superb","177 reviews"
"Ship inn","St Austell Show on map","£109","1 night, 1 adult","Triple Room","3 beds
(1 single, 2 doubles)","8.0","Very good","65 reviews"
"Wheel Water Collections","St Austell Show on map","£125","1 night, 1 adult","Deluxe Three-Bedroom Cottage","3 double beds","9.0","Superb","166 reviews"
"125 Pengelly","Delabole Show on map","£115","1 night, 1 adult","Holiday Home","4 beds
(2 singles, 2 doubles)","8.0","Very good","27 reviews"
"Surf's Up in Perranporth","Perranporth Show on map","£129","1 night, 1 adult","Two-Bedroom Apartment","3 beds
(2 singles, 1 double)","9.6","Exceptional","7 reviews"
"Thorncliff Apartment 1","Mawgan Porth Show on map","£127","1 night, 1 adult","Apartment with Sea View","2 beds
(1 sofa bed, 1 large double)","9.5","Exceptional","11 reviews"
"The old rectory Rose cottage Near the coast","Jacobstow Show on map","£130","1 night, 1 adult","Holiday Home","3 beds
(2 singles, 1 large double)","8.9","Fabulous","54 reviews"
"Cosy Woodland Home","Uny Lelant Show on map","£143","1 night, 1 adult","Two-Bedroom Chalet","2 double beds","6.6","Review score","152 reviews"
"The St Mawes Hotel","Saint Mawes Show on map","£150","1 night, 1 adult","Standard Double or Twin Room","Multiple bed types","8.9","Fabulous","59 reviews"
"Penzer Cottage","Penzance Show on map","£171","1 night, 1 adult","Two-Bedroom House","3 beds
(2 singles, 1 double)","8.5","Very good","20 reviews"
"Glebe House Cottages","Bude Show on map","£193","1 night, 1 adult","Holiday Home","4 beds
(2 singles, 1 bunk bed, 1 large double)","9.4","Superb","61 reviews"
"The old rectory glebe house","Bude Show on map","£227","1 night, 1 adult","Apartment","5 beds
(1 single, 1 extra-large double, 2 large doubles, 1 futon)","8.8","Fabulous","14 reviews"
"Talland Bay Hotel","Talland Show on map","£280","1 night, 1 adult","Double Room with Sea View","Multiple bed types","9.3","Superb","210 reviews"
"Family Beach Life-Surf Getaway-Sleeps 11- Parking-Walk Everywhere","Newquay Show on map","£278","1 night, 1 adult","Four-Bedroom House","7 beds
(1 single, 1 extra-large double, 2 sofa beds, 2 large doubles, 1 futon)","","",""
"Harbour Tavern Penthouse","Mevagissey Show on map","£300","1 night, 1 adult","Penthouse Apartment","3 beds
(2 singles, 1 double)","8.0","Very good","9 reviews"
"Kempfield House","Kemptown, Brighton & Hove Show on map","£40","1 night, 1 adult","Small Single Room","1 single bed","8.3","Very good","908 reviews"
"The Downs Hotel","Brighton & Hove Show on map","£39","1 night, 1 adult","Single Room","1 single bed","6.7","Review score","128 reviews"
"New Steine Hotel - B&B","Kemptown, Brighton & Hove Show on map","£45","1 night, 1 adult","Standard Double for Single Use","1 double bed","7.8","Good","599 reviews"
"RUBY Pub & Hotel","Brighton & Hove Show on map","£41","1 night, 1 adult","Single Room","1 single bed","7.2","Good","243 reviews"
"The Gather Inn","Brighton & Hove Show on map","£45","1 night, 1 adult","Double or Twin Room","Multiple bed types","7.4","Good","544 reviews"
"Britannia Study Hotel","Brighton City Centre, Brighton & Hove Show on map","£41","1 night, 1 adult","Superior Double Room","1 double bed","8.3","Very good","2,623 reviews"
"ibis Brighton City Centre - Station","North Laine, Brighton & Hove Show on map","£50","1 night, 1 adult","Standard Double Room","1 double bed","8.1","Very good","2,268 reviews"
"Ambassador Hotel","Kemptown, Brighton & Hove Show on map","£45","1 night, 1 adult","Double Room with Private Bathroom","1 double bed","7.3","Good","663 reviews"
"Brighton-up House","Kemptown, Brighton & Hove Show on map","£48","1 night, 1 adult","Deluxe Single Room","1 single bed","","",""
"Queens Hotel & Spa","Seafront, Brighton & Hove Show on map","£54","1 night, 1 adult","Studio Apartment","1 double bed","8.0","Very good","7,423 reviews"
"The Corner House","Seafront, Brighton & Hove Show on map","£52","1 night, 1 adult","Deluxe King Room","1 large double bed","9.0","Superb","35 reviews"
"The Old Ship Hotel- Part of the Cairn Collection","Seafront, Brighton & Hove Show on map","£60","1 night, 1 adult","Standard Double Room","1 double bed","7.8","Good","4,288 reviews"
"Brighton Surf Guest House","Kemptown, Brighton & Hove Show on map","£55","1 night, 1 adult","Single Room - Red & Blue","1 single bed","8.7","Fabulous","147 reviews"
"Selina Brighton","Seafront, Brighton & Hove Show on map","£63","1 night, 1 adult","Standard Room","1 double bed","8.1","Very good","185 reviews"
"Brighton-up House","Kemptown, Brighton & Hove Show on map","£57","1 night, 1 adult","Deluxe Double Room","1 double bed","","",""
"My Brighton","Brighton City Centre, Brighton & Hove Show on map","£65","1 night, 1 adult","Standard Double Room","1 double bed","8.1","Very good","3,175 reviews"
"Holiday Inn Brighton Seafront","Seafront, Brighton & Hove Show on map","£69","1 night, 1 adult","Double Room","1 double bed","7.5","Good","2,595 reviews"
"Malmaison Brighton","Seafront, Brighton & Hove Show on map","£70","1 night, 1 adult","Double Room with Inland View","1 large double bed","8.3","Very good","2,816 reviews"
"Hilton Brighton Metropole","Seafront, Brighton & Hove Show on map","£75","1 night, 1 adult","Twin Guest Room","2 single beds","7.2","Good","4,624 reviews"
"Blanch House","Kemptown, Brighton & Hove Show on map","£79","1 night, 1 adult","Standard Double Room","1 large double bed","9.0","Superb","452 reviews"
"Jurys Inn Brighton Waterfront","Seafront, Brighton & Hove Show on map","£82","1 night, 1 adult","Standard Double Room","1 double bed","8.6","Fabulous","8,696 reviews"
"Grand Pier Guest House","Kemptown, Brighton & Hove Show on map","£83","1 night, 1 adult","Single Room","1 single bed","8.7","Fabulous","146 reviews"
"Marine View","Kemptown, Brighton & Hove Show on map","£150","1 night, 1 adult","Superior Double Room","1 double bed","8.1","Very good","316 reviews"
"Beside The Seaside Apartment - 20 Metres from Seafront - Fast Wifi","Kemptown, Brighton & Hove Show on map","£145","1 night, 1 adult","One-Bedroom Apartment","2 beds
(1 bunk bed, 1 sofa bed)","8.2","Very good","16 reviews"
"Artist Studio - Super Central Brighton - Security Gated Mews - Fast wifi","North Laine, Brighton & Hove Show on map","£200","1 night, 1 adult","Apartment","2 single beds","7.7","Good","27 reviews"
"Beachside House","Kemptown, Brighton & Hove Show on map","£205","1 night, 1 adult","Five-Bedroom House","10 beds
(6 singles, 3 doubles, 1 sofa bed)","8.9","Fabulous","18 reviews"
"Majestic Mews Apartment - Super Central - fast wifi - Secure Gated Mews","North Laine, Brighton & Hove Show on map","£236","1 night, 1 adult","Apartment","6 beds
(5 singles, 1 sofa bed)","7.3","Good","13 reviews"
"Kings Hotel","Seafront, Brighton & Hove Show on map","£484","1 night, 1 adult","Family Room","3 beds
(2 singles, 1 double)","7.9","Good","5,360 reviews"
"Blue Star House","Portsmouth Show on map","£39","1 night, 1 adult","Superior Double Room","1 double bed","9.1","Superb","583 reviews"
"Lady Hamilton","Portsmouth Show on map","£40","1 night, 1 adult","Budget Double Room","1 double bed","7.2","Good","697 reviews"
"ibis Portsmouth","Portsmouth City Centre, Portsmouth Show on map","£43","1 night, 1 adult","Twin SweetRoom","2 single beds","7.9","Good","4,189 reviews"
"Cottage Grove Homestay rooms","Portsmouth Show on map","£47","1 night, 1 adult","Deluxe King Room","1 large double bed","9.3","Superb","55 reviews"
"Portsmouth Budget Hotels","Portsmouth Show on map","£55","1 night, 1 adult","Double Room","1 double bed","7.6","Good","452 reviews"
"Village Hotel Portsmouth","Portsmouth Show on map","£65","1 night, 1 adult","Twin Room","2 single beds","8.4","Very good","2,416 reviews"
"Holiday Inn Express Portsmouth – North","Portsmouth Show on map","£68","1 night, 1 adult","Room allocated on arrival","1 single bed","8.8","Fabulous","5,099 reviews"
"Holiday Inn Express Portsmouth Gunwharf Quays","Portsmouth Show on map","£69","1 night, 1 adult","Double or Twin Room","Beds: 1 double or 2 singles","8.0","Very good","3,979 reviews"
"The Wellington Restaurant and Bar","Portsmouth Show on map","£65","1 night, 1 adult","Deluxe Double Room with Shower","1 double bed","7.0","Good","121 reviews"
"Portsmouth Marriott Hotel","Portsmouth Show on map","£80","1 night, 1 adult","Deluxe King Room","1 extra-large double bed","8.3","Very good","2,105 reviews"
"Holiday Inn Portsmouth","Portsmouth Show on map","£85","1 night, 1 adult","Twin Room","2 single beds","8.1","Very good","2,130 reviews"
"Ashbys Accommodation","Portsmouth Show on map","£88","1 night, 1 adult","Double Room with Private Bathroom","1 large double bed","9.3","Superb","560 reviews"
"One Helena Road Serviced Apartments","Portsmouth Show on map","£90","1 night, 1 adult","Deluxe Studio","1 extra-large double bed","9.4","Superb","226 reviews"
"Ann Apartments opposite the Pier with sea view","Portsmouth Show on map","£107","1 night, 1 adult","Two-Bedroom Apartment","4 beds
(2 singles, 1 sofa bed, 1 large double)","","",""
"Bright And Airy 2 Bed Ground Floor Garden Apartment In Hereford House Free Superfast Wifi Walking Distance To Central Southsea And The Beach","Portsmouth Show on map","£155","1 night, 1 adult","Two-Bedroom Apartment","3 beds
(2 doubles, 1 sofa bed)","9.8","Exceptional","10 reviews"
"Beautiful spacious flat with garden","Portsmouth Show on map","£253","1 night, 1 adult","Three-Bedroom Apartment","4 beds
(2 singles, 1 double, 1 large double)","","",""
"Self contained annex with private entrance .","Bridgemary Show on map","£32","1 night, 1 adult","One-Bedroom Apartment","1 single bed","","",""
"Spring Garden Guest House","Gosport Show on map","£47","1 night, 1 adult","Family Room with Bath","2 beds
(1 double, 1 bunk bed)","8.9","Fabulous","156 reviews"
"Yelf's Hotel","Ryde Show on map","£55","1 night, 1 adult","Standard Single Room","1 single bed","8.1","Very good","871 reviews"
"Bridgemary Manor Hotel & Pub","Gosport Show on map","£58","1 night, 1 adult","Twin Room","2 single beds","8.0","Very good","566 reviews"
"The Roundabout Hotel","Fareham Show on map","£54","1 night, 1 adult","Twin Room","2 single beds","7.5","Good","445 reviews"
"Langstone Quays Resort","Havant Show on map","£75","1 night, 1 adult","Standard Twin Room","2 single beds","7.9","Good","1,990 reviews"
"Dorset Hotel, Isle of Wight","Ryde Show on map","£81","1 night, 1 adult","Premier Double Room","1 double bed","8.2","Very good","525 reviews"
"Anglesey Hotel","Gosport Show on map","£117","1 night, 1 adult","Superior Double Room","1 double bed","8.2","Very good","420 reviews"
"The Bugle Hotel","Titchfield Show on map","£38","1 night, 1 adult","Single Room with Shared Shower and Toilet","1 single bed","","",""
"Meon Valley Hotel, Golf & Country Club","Shedfield Show on map","£39","1 night, 1 adult","Small Twin Room No Window","2 single beds","6.8","Review score","2,538 reviews"
"OYO Shanklin Beach Hotel","Shanklin Show on map","£41","1 night, 1 adult","Compact Single Room","1 single bed","5.9","Review score","538 reviews"
"New Place","Fareham Show on map","£49","1 night, 1 adult","Standard Double Room","1 double bed","8.4","Very good","1,618 reviews"
"Victoria Lodge","Shanklin Show on map","£50","1 night, 1 adult","Single Room","1 single bed","8.9","Fabulous","115 reviews"
"Gray's Inn","Cowes Show on map","£54","1 night, 1 adult","Twin Room with Shower","2 single beds","9.4","Superb","178 reviews"
"Holiday Inn Fareham Solent","Fareham Show on map","£59","1 night, 1 adult","Double Room with Sofa Bed - Non-Smoking","1 sofa bed","7.8","Good","689 reviews"
"The Wheatsheaf Hotel","Newport Show on map","£59","1 night, 1 adult","Double Room","1 double bed","7.5","Good","670 reviews"
"The Annexe","Hambledon Show on map","£65","1 night, 1 adult","Apartment","1 double bed","9.4","Superb","69 reviews"
"Onefifty","Cowes Show on map","£70","1 night, 1 adult","Double Room","1 double bed","9.7","Exceptional","224 reviews"
"Charter House","Newport Show on map","£79","1 night, 1 adult","Deluxe Double Room","1 double bed","8.4","Very good","245 reviews"
"Hollybank House","Emsworth Show on map","£80","1 night, 1 adult","Double or Twin Room","Multiple bed types","9.3","Superb","149 reviews"
"The Woodvale","Cowes Show on map","£80","1 night, 1 adult","Standard Double Room","1 double bed","9.0","Superb","164 reviews"
"Old Church House","Newport Show on map","£85","1 night, 1 adult","Double Room with Private Bathroom","1 large double bed","9.2","Superb","111 reviews"
"The Pilot Boat Inn, Isle of Wight","Bembridge Show on map","£90","1 night, 1 adult","Double or Twin Room","Multiple bed types","8.2","Very good","202 reviews"
"The Rising Sun Inn","Waterlooville Show on map","£90","1 night, 1 adult","Twin Room with Bathroom","2 single beds","8.4","Very good","57 reviews"
"The Robin Hood Inn","Rowlands Castle Show on map","£95","1 night, 1 adult","Double Room","1 double bed","8.3","Very good","148 reviews"
"The Caledon Guest House","Cowes Show on map","£95","1 night, 1 adult","Twin Room","2 single beds","9.7","Exceptional","113 reviews"
"Fairlawn","Bishops Waltham Show on map","£100","1 night, 1 adult","Deluxe Double Room","1 double bed","9.7","Exceptional","30 reviews"
"Lodge at Solent","Fareham Show on map","£105","1 night, 1 adult","Standard Double or Twin Room","Beds: 1 double or 2 singles","8.5","Very good","779 reviews"
"The Nightingale Mansion - Smart Hotel","Shanklin Show on map","£113","1 night, 1 adult","Single Room","1 single bed","8.7","Fabulous","350 reviews"
"Solent Hotel and Spa","Fareham Show on map","£115","1 night, 1 adult","Standard Double Room with Four Poster Bed","1 double bed","8.3","Very good","717 reviews"
"The Beach House","West Wittering Show on map","£130","1 night, 1 adult","King Room","1 large double bed","9.5","Exceptional","216 reviews"
"The Swan Inn","Southampton Show on map","£50","1 night, 1 adult","Deluxe Double Room with Shower","1 double bed","8.5","Very good","129 reviews"
"Mercure Southampton Centre Dolphin Hotel","Southampton City Centre, Southampton Show on map","£55","1 night, 1 adult","Standard Double Room","1 double bed","7.6","Good","2,303 reviews"
"Chichester Park Hotel","Chichester Show on map","£59","1 night, 1 adult","Twin Room","2 single beds","8.3","Very good","945 reviews"
"Chichester Inn","Chichester Show on map","£60","1 night, 1 adult","Standard Single Room","1 single bed","8.6","Fabulous","258 reviews"
"The Vestry","Chichester Show on map","£63","1 night, 1 adult","Double Room","1 double bed","8.0","Very good","888 reviews"
"Hilton at the Ageas Bowl, Southampton","Southampton Show on map","£70","1 night, 1 adult","King Guest Room","1 extra-large double bed","8.7","Fabulous","1,303 reviews"
"room2 Southampton Hometel","Southampton City Centre, Southampton Show on map","£89","1 night, 1 adult","Study","Beds: 1 double or 2 singles","9.1","Superb","1,257 reviews"
"Woolpack Inn","Chichester Show on map","£95","1 night, 1 adult","Twin Room","2 single beds","7.2","Good","472 reviews"
"lake lodge","Chichester Show on map","£105","1 night, 1 adult","Two-Bedroom Apartment","2 beds
(1 double, 1 bunk bed)","","",""
"Enjoy Ventnor, Pier Street, Seconds to the Beach","Ventnor Show on map","£113","1 night, 1 adult","One-Bedroom Apartment","2 beds
(1 single, 1 sofa bed)","9.3","Superb","6 reviews"
"dgl Properties Serviced Accommodation Southampton 2 Bedroom Apartment Ocean Village","Southampton City Centre, Southampton Show on map","£120","1 night, 1 adult","Two-Bedroom Apartment","3 beds
(2 doubles, 1 sofa bed)","","",""
"Seascape Cottage, Ventnor","Ventnor Show on map","£169","1 night, 1 adult","Three-Bedroom House","3 beds
(1 single, 2 doubles)","9.1","Superb","7 reviews"
"StayZo - Castle Point 6","Southampton City Centre, Southampton Show on map","£180","1 night, 1 adult","Two-Bedroom Apartment","4 beds
(2 singles, 2 sofa beds)","","",""
"StayZo - Castle Point 10","Southampton City Centre, Southampton Show on map","£180","1 night, 1 adult","Two-Bedroom Apartment","4 beds
(2 singles, 2 sofa beds)","","",""
"Stayzo Castle Penthouse 18","Southampton City Centre, Southampton Show on map","£225","1 night, 1 adult","Three-Bedroom Apartment","6 beds
(4 singles, 2 sofa beds)","","",""
"Stayzo Castle Penthouse 19","Southampton City Centre, Southampton Show on map","£225","1 night, 1 adult","Three-Bedroom Apartment","6 beds
(4 singles, 2 sofa beds)","","",""
"Stayzo Castle Penthouse 17","Southampton City Centre, Southampton Show on map","£225","1 night, 1 adult","Three-Bedroom Apartment","4 beds
(2 doubles, 2 sofa beds)","","",""
"Stayzo Castle Penthouse 16","Southampton City Centre, Southampton Show on map","£225","1 night, 1 adult","Two-Bedroom Apartment","5 beds
(2 singles, 2 doubles, 1 sofa bed)","","",""
"The Croham Hotel","Bournemouth City Centre, Bournemouth Show on map","£26","1 night, 1 adult","Single Room","1 single bed","6.8","Review score","784 reviews"
"Tregonholme Hotel","Bournemouth City Centre, Bournemouth Show on map","£30","1 night, 1 adult","Single Room","1 single bed","9.2","Superb","382 reviews"
"Royal Bath Hotel & Spa Bournemouth","Bournemouth City Centre, Bournemouth Show on map","£32","1 night, 1 adult","Club Double Room","1 double bed","6.2","Review score","9,087 reviews"
"Ullswater Hotel","Bournemouth City Centre, Bournemouth Show on map","£31","1 night, 1 adult","Single Room","1 single bed","7.9","Good","1,302 reviews"
"Kingsley Hotel","Boscombe, Bournemouth Show on map","£35","1 night, 1 adult","Double Room","1 double bed","9.5","Exceptional","517 reviews"
"Sunshine House","Boscombe, Bournemouth Show on map","£36","1 night, 1 adult","Single Room","1 single bed","6.1","Review score","12 reviews"
"The Hermitage Hotel - OCEANA COLLECTION","Bournemouth City Centre, Bournemouth Show on map","£42","1 night, 1 adult","Single Room","1 single bed","7.8","Good","1,569 reviews"
"The Hop Inn","Bournemouth City Centre, Bournemouth Show on map","£45","1 night, 1 adult","Double or Twin Room","Beds: 1 double or 2 singles","7.6","Good","505 reviews"
"The Cliff House Hotel","Bournemouth Show on map","£50","1 night, 1 adult","Budget Double Room","1 double bed","","",""
"The Mercure Bournemouth Queens Hotel & Spa","Bournemouth City Centre, Bournemouth Show on map","£54","1 night, 1 adult","Classic Cosy Double Room","1 double bed","7.2","Good","2,654 reviews"
"Norfolk Royale Hotel","Bournemouth City Centre, Bournemouth Show on map","£55","1 night, 1 adult","Standard Single Room","1 single bed","7.8","Good","1,902 reviews"
"Modern Boutique Studio Apartment","Bournemouth City Centre, Bournemouth Show on map","£59","1 night, 1 adult","Stylish Studio Apartment","1 double bed","9.3","Superb","69 reviews"
"Holiday Inn Bournemouth","Bournemouth City Centre, Bournemouth Show on map","£84","1 night, 1 adult","Twin Room - Disability Access","2 single beds","8.3","Very good","692 reviews"
"2 bed flat with own lounge near the beach!","Bournemouth City Centre, Bournemouth Show on map","£78","1 night, 1 adult","Two-Bedroom Apartment","2 beds
(1 single, 1 double)","","",""
"Village Hotel Bournemouth","Bournemouth Show on map","£89","1 night, 1 adult","Twin Room","2 single beds","7.8","Good","1,162 reviews"
"Discoveries House","Bournemouth Show on map","£105","1 night, 1 adult","Deluxe Double or Twin Room with Garden View","3 single beds","5.9","Review score","7 reviews"
"Westcliff Penthouse","Bournemouth City Centre, Bournemouth Show on map","£290","1 night, 1 adult","Apartment with Sea View","2 large double beds","9.5","Exceptional","98 reviews"
"Rainbow Apartment","Bournemouth Show on map","£436","1 night, 1 adult","Duplex Apartment","7 beds
(2 singles, 3 doubles, 2 sofa beds)","8.8","Fabulous","10 reviews"
"Russell Court Hotel","Bournemouth City Centre, Bournemouth Show on map","£880","1 night, 1 adult","Double or Twin Room","Beds: 1 double or 2 singles","5.9","Review score","1,236 reviews"
"Hotel Capital","Bournemouth City Centre, Bournemouth Show on map","£1,000","1 night, 1 adult","Large Double Room","1 double bed","7.8","Good","1,062 reviews"
"Apps B&B","Poole Show on map","£55","1 night, 1 adult","Double Room with Private External Bathroom","2 single beds","9.6","Exceptional","68 reviews"
"Cranborne House","Poole Show on map","£59","1 night, 1 adult","Twin Room with Private Bathroom","2 single beds","8.8","Fabulous","44 reviews"
"Maryam House","Broadstone Show on map","£59","1 night, 1 adult","Deluxe Room","1 large double bed","7.0","Good","8 reviews"
"Hotel Du Vin Poole","Poole Show on map","£79","1 night, 1 adult","Classic Double","1 double bed","8.5","Very good","939 reviews"
"Stapehill Lodge B&B","Hampreston Show on map","£73","1 night, 1 adult","Deluxe Double Room","1 large double bed","9.8","Exceptional","129 reviews"
"Holiday Inn Express Poole","Poole Show on map","£85","1 night, 1 adult","Double Room","1 double bed","8.0","Very good","2,095 reviews"
"Off Quay - Old Town Poole","Poole Show on map","£78","1 night, 1 adult","Deluxe King Room","1 large double bed","9.7","Exceptional","156 reviews"
"Grovefield Manor","Poole Show on map","£89","1 night, 1 adult","Single Room","1 single bed","9.0","Superb","685 reviews"
"Parkstone Guest House","Poole Show on map","£86","1 night, 1 adult","Two Connecting Double Rooms","2 double beds","7.8","Good","133 reviews"
"San Michele Guest House","Poole Show on map","£109","1 night, 1 adult","One-Bedroom Chalet","1 double bed","9.2","Superb","204 reviews"
"OTTO - Sandbanks Serviced Apartments","Poole Show on map","£134","1 night, 1 adult","Superior Apartment","3 beds
(1 double, 1 sofa bed, 1 futon)","8.0","Very good","34 reviews"
"The Barn","New Milton Show on map","£39","1 night, 1 adult","Double or Twin Room","2 beds
(1 single, 1 double)","8.1","Very good","68 reviews"
"Kingston Country Courtyard","Kingston Show on map","£60","1 night, 1 adult","Single Room","1 single bed","8.7","Fabulous","703 reviews"
"The Minster Arms","Wimborne Minster Show on map","£60","1 night, 1 adult","Standard Double Room","1 double bed","8.5","Very good","550 reviews"
"Grand Hotel Swanage","Swanage Show on map","£65","1 night, 1 adult","Single Room","1 single bed","7.8","Good","899 reviews"
"Petherton Cottage","Ringwood Show on map","£65","1 night, 1 adult","Superior Double or Twin Room with Garden View","Multiple bed types","9.4","Superb","254 reviews"
"The Heather's Bed and Breakfast","Christchurch Show on map","£65","1 night, 1 adult","Deluxe Twin Room","Multiple bed types","9.2","Superb","31 reviews"
"2 Heath Cottages","Wareham Show on map","£70","1 night, 1 adult","Large Double or Twin Room","Multiple bed types","10","Exceptional","4 reviews"
"Louisa Lodge & Purbeck House Hotel","Swanage Show on map","£80","1 night, 1 adult","Twin Room","2 single beds","8.2","Very good","395 reviews"
"Rose and Crown","Poole Show on map","£99","1 night, 1 adult","Double or Twin Room with Extra Bed","Multiple bed types","9.4","Superb","78 reviews"
"Jabba the Hut","Poole Show on map","£108","1 night, 1 adult","Tent","2 double beds","9.3","Superb","3 reviews"
"Luxury Shepherds Hut","Bransgore Show on map","£135","1 night, 1 adult","Deluxe Double Room","1 double bed","9.8","Exceptional","92 reviews"
"True Lovers Knot","Blandford Forum Show on map","£77","1 night, 1 adult","Double Room","1 double bed","9.0","Superb","245 reviews"
"Durlston House","Lymington Show on map","£90","1 night, 1 adult","Double Room","1 double bed","9.4","Superb","611 reviews"
"Highfield Bed & Breakfast","Lymington Show on map","£100","1 night, 1 adult","Deluxe Double Room with Shower","1 extra-large double bed","9.8","Exceptional","260 reviews"
"Wisteria House","Lymington Show on map","£105","1 night, 1 adult","Double or Twin Room","Multiple bed types","7.6","Good","165 reviews"
"Cypress Log Cabins Accommodation","Godshill Show on map","£288","1 night, 1 adult","Log Cabin (2 Adults)","1 double bed","9.7","Exceptional","69 reviews"
"The Merchants Hotel","Manchester City Centre, Manchester Show on map","£22","1 night, 1 adult","Single Room - Basic","1 single bed","5.7","Review score","1,027 reviews"
"Gorton Mount Hotel Manchester","Manchester Show on map","£25","1 night, 1 adult","Budget Double Room","1 double bed","5.9","Review score","381 reviews"
"Manchester YJMJ house 1","Manchester Show on map","£23","1 night, 1 adult","Double Room with Shared Toilet","1 double bed","6.5","Review score","18 reviews"
"Belle Maison","Manchester Show on map","£23","1 night, 1 adult","Budget Double Room","1 double bed","7.8","Good","48 reviews"
"easyHotel Manchester","Manchester City Centre, Manchester Show on map","£26","1 night, 1 adult","Double Room with Window","1 double bed","7.9","Good","5,377 reviews"
"The Gardens Hotel","Manchester City Centre, Manchester Show on map","£27","1 night, 1 adult","Single Room without Window","1 single bed","7.6","Good","5,067 reviews"
"Britannia Hotel City Centre Manchester","Manchester City Centre, Manchester Show on map","£28","1 night, 1 adult","Twin Room (No Windows)","2 single beds","6.5","Review score","11,690 reviews"
"Weaste Hotel","Salford, Manchester Show on map","£28","1 night, 1 adult","Economy Double Room En-Suite","1 double bed","5.0","Review score","978 reviews"
"Maz’s modern guesthouse","Manchester Show on map","£27","1 night, 1 adult","Triple Room with Shared Bathroom","2 beds
(1 single, 1 large double)","9.4","Superb","35 reviews"
"ibis budget Manchester Salford Quays","Salford, Manchester Show on map","£32","1 night, 1 adult","Double Room","1 large double bed","7.8","Good","7,024 reviews"
"Airport Hotel Manchester","Manchester Show on map","£33","1 night, 1 adult","Double Room","1 double bed","7.0","Good","4,699 reviews"
"ibis Styles Manchester Portland","Manchester City Centre, Manchester Show on map","£35","1 night, 1 adult","Single Room","1 single bed","8.4","Very good","8,843 reviews"
"Trivelles Hotel - Manchester - Cross Lane","Salford, Manchester Show on map","£35","1 night, 1 adult","Single Room","1 single bed","6.1","Review score","1,162 reviews"
"The Bulls Head Hotel","Manchester City Centre, Manchester Show on map","£35","1 night, 1 adult","Double or Twin Room","Beds: 1 double or 2 singles","7.9","Good","436 reviews"
"Parkview Residence","Manchester Show on map","£32","1 night, 1 adult","Single Room","1 single bed","3.7","Review score","3 reviews"
"Manchester Stay","Manchester Show on map","£32","1 night, 1 adult","Double Room","1 double bed","4.2","Review score","5 reviews"
"Pendulum Hotel","Manchester City Centre, Manchester Show on map","£33","1 night, 1 adult","Standard Single Room","1 single bed","8.0","Very good","2,923 reviews"
"DJ Suites The Element","Old Trafford, Manchester Show on map","£36","1 night, 1 adult","Double Room","1 double bed","","",""
"Victoria Park Hotel","Manchester Show on map","£37","1 night, 1 adult","Economy Single Room","1 single bed","5.8","Review score","622 reviews"
"ibis Manchester Centre Princess Street","Manchester City Centre, Manchester Show on map","£38","1 night, 1 adult","Double Sweet Room by Ibis","1 double bed","8.5","Very good","4,363 reviews"
"ibis Manchester Centre Portland Street","Manchester City Centre, Manchester Show on map","£38","1 night, 1 adult","Double Sweet Room by Ibis","1 double bed","8.5","Very good","3,413 reviews"
"Manchester YJMJ house 2","Manchester Show on map","£35","1 night, 1 adult","Family Double Room","1 double bed","7.5","Good","9 reviews"
"Holiday Inn Express Manchester City Centre Arena","Manchester City Centre, Manchester Show on map","£39","1 night, 1 adult","Double Room - Disability Access","1 double bed","8.5","Very good","5,072 reviews"
"Trivelles Mayfair","Manchester Show on map","£35","1 night, 1 adult","Double Room - Attic","1 double bed","7.0","Good","1,282 reviews"
"Maz’s modern guest house","Manchester Show on map","£36","1 night, 1 adult","Double or Twin Room","2 beds
(1 double, 1 extra-large double)","9.3","Superb","6 reviews"
"Holiday Inn Express Manchester City Centre","Manchester City Centre, Manchester Show on map","£40","1 night, 1 adult","Double Room - Disability Access","1 double bed","8.0","Very good","3,477 reviews"
"Castlefield Hotel","Manchester City Centre, Manchester Show on map","£42","1 night, 1 adult","Double or Twin Room","Beds: 1 double or 2 singles","8.5","Very good","2,116 reviews"
"Hampton By Hilton Manchester Northern Quarter","Manchester Show on map","£43","1 night, 1 adult","Queen Room - Disability Access","1 large double bed","8.4","Very good","47 reviews"
"Park City Suites Hotel","Manchester Show on map","£45","1 night, 1 adult","Economy Double Room","1 double bed","7.6","Good","235 reviews"
"Manchester luxury room to stay","Manchester Show on map","£42","1 night, 1 adult","Double Room","1 extra-large double bed","","",""
"Trafford Hall Hotel, BW Signature Collection by Best Western","Old Trafford, Manchester Show on map","£44","1 night, 1 adult","Standard Double Room","1 double bed","7.9","Good","148 reviews"
"City Central Kind Rooms","Manchester Show on map","£45","1 night, 1 adult","Deluxe Double Room","1 extra-large double bed","9.4","Superb","268 reviews"
"Holiday Inn Manchester Central Park - Free Parking During Lockdown","Manchester Show on map","£49","1 night, 1 adult","King Room - Disability Access","1 large double bed","7.2","Good","1,032 reviews"
"manchester Oxford road homestay","Manchester Show on map","£47","1 night, 1 adult","Double Room with Shared Toilet","1 double bed","6.9","Review score","14 reviews"
"Stay Inn Manchester","Salford, Manchester Show on map","£50","1 night, 1 adult","Double Room","1 double bed","7.8","Good","1,490 reviews"
"Cosy 2 bed apartment near the city centre","Manchester Show on map","£50","1 night, 1 adult","Two-Bedroom Apartment","2 double beds","","",""
"Fairways Lodge & Leisure Club","Manchester Show on map","£50","1 night, 1 adult","Twin Room","2 single beds","7.2","Good","306 reviews"
"Holiday Inn Express Manchester - Salford Quays","Salford, Manchester Show on map","£53","1 night, 1 adult","Twin Room","2 single beds","8.6","Fabulous","3,334 reviews"
"Park Inn by Radisson Manchester City Centre","Manchester City Centre, Manchester Show on map","£53","1 night, 1 adult","Standard Room","1 double bed","8.2","Very good","5,728 reviews"
"Holiday Inn Manchester West","Salford, Manchester Show on map","£55","1 night, 1 adult","Twin Room","2 single beds","8.3","Very good","1,191 reviews"
"Lux Inn Aparthotel","Manchester Show on map","£52","1 night, 1 adult","One-Bedroom Apartment","1 double bed","8.2","Very good","50 reviews"
"Folab Homes","Manchester Show on map","£44","1 night, 1 adult","Double Room","1 double bed","7.1","Good","8 reviews"
"Ryder Brow Apartment","Manchester Show on map","£52","1 night, 1 adult","Deluxe Double Room","2 beds
(1 double, 1 futon)","","",""
"AC Hotel by Marriott Manchester Salford Quays","Salford, Manchester Show on map","£56","1 night, 1 adult","Deluxe Twin Room","2 single beds","8.9","Fabulous","1,903 reviews"
"Mercure Manchester Piccadilly Hotel","Manchester City Centre, Manchester Show on map","£59","1 night, 1 adult","Classic Double Room","1 double bed","7.4","Good","5,463 reviews"
"Copthorne Hotel Manchester","Salford, Manchester Show on map","£60","1 night, 1 adult","Standard Double Room","1 double bed","8.0","Very good","1,975 reviews"
"Novotel Manchester Centre","Manchester City Centre, Manchester Show on map","£60","1 night, 1 adult","Superior Twin Room","2 single beds","8.6","Fabulous","2,502 reviews"
"AC Hotel by Marriott Manchester City Centre","Manchester City Centre, Manchester Show on map","£60","1 night, 1 adult","Standard Double Room","2 beds
(1 extra-large double, 1 sofa bed)","8.7","Fabulous","2,032 reviews"
"Roomzzz Manchester Corn Exchange","Manchester City Centre, Manchester Show on map","£62","1 night, 1 adult","Standard Apartment","1 double bed","9.3","Superb","2,829 reviews"
"Hotel Indigo Manchester - Victoria Station","Manchester City Centre, Manchester Show on map","£65","1 night, 1 adult","Double Room with Accessible Roll-In Shower","1 double bed","9.4","Superb","2,762 reviews"
"Hilton Garden Inn Manchester Emirates Old Trafford","Old Trafford, Manchester Show on map","£65","1 night, 1 adult","King Room - Disability Access","1 large double bed","9.0","Superb","1,785 reviews"
"Quay Apartments Manchester","Manchester City Centre, Manchester Show on map","£62","1 night, 1 adult","One-Bedroom Apartment","1 double bed","9.1","Superb","769 reviews"
"GREEN APARTMENTS UNIQUE EXECUTIVE LUXURY","Old Trafford, Manchester Show on map","£59","1 night, 1 adult","One-Bedroom Apartment","3 beds
(1 single, 1 double, 1 sofa bed)","7.8","Good","384 reviews"
"Crowne Plaza Manchester City Centre","Manchester City Centre, Manchester Show on map","£69","1 night, 1 adult","Double Room - Disability Access","1 double bed","8.9","Fabulous","3,372 reviews"
"Holiday Inn Manchester - City Centre","Manchester City Centre, Manchester Show on map","£69","1 night, 1 adult","Double Room","1 double bed","9.1","Superb","3,317 reviews"
"Whitworth Locke","Manchester City Centre, Manchester Show on map","£69","1 night, 1 adult","City Studio","1 large double bed","9.3","Superb","2,035 reviews"
"Motel One Manchester-Piccadilly","Manchester City Centre, Manchester Show on map","£69","1 night, 1 adult","Standard Double Room","1 large double bed","9.2","Superb","9,959 reviews"
"Motel One Manchester-Royal Exchange","Manchester City Centre, Manchester Show on map","£69","1 night, 1 adult","Standard Double Room","1 large double bed","9.2","Superb","8,691 reviews"
"Roomzzz Manchester City","Manchester City Centre, Manchester Show on map","£69","1 night, 1 adult","Smart Studio","1 double bed","9.2","Superb","1,151 reviews"
"YALLY hotel","Manchester Show on map","£61","1 night, 1 adult","Twin Room with Private External Bathroom","2 single beds","8.4","Very good","90 reviews"
"Staycity Aparthotels Manchester Piccadilly","Manchester City Centre, Manchester Show on map","£70","1 night, 1 adult","One-Bedroom Apartment - Sleeps 4","3 beds
(2 sofa beds, 1 large double)","9.2","Superb","6,404 reviews"
"DoubleTree by Hilton Manchester Piccadilly","Manchester City Centre, Manchester Show on map","£75","1 night, 1 adult","Twin Guest Room","2 single beds","8.8","Fabulous","2,223 reviews"
"La Reserve Aparthotel Manchester","Manchester City Centre, Manchester Show on map","£79","1 night, 1 adult","Deluxe One-Bedroom Apartment","1 large double bed","8.7","Fabulous","2,048 reviews"
"Macdonald Manchester Hotel","Manchester City Centre, Manchester Show on map","£79","1 night, 1 adult","Accessible Twin","2 single beds","8.3","Very good","6,980 reviews"
"Manchester Marriott Victoria & Albert Hotel","Manchester City Centre, Manchester Show on map","£79","1 night, 1 adult","Guest room, 1 Double","1 double bed","8.5","Very good","1,651 reviews"
"Holiday Inn Express - Manchester - TRAFFORDCITY","Manchester Show on map","£79","1 night, 1 adult","Twin Room","2 single beds","8.7","Fabulous","3,566 reviews"
"Luxury Apartment Salford Quays Media City","Salford, Manchester Show on map","£80","1 night, 1 adult","One-Bedroom Apartment","2 beds
(1 double, 1 sofa bed)","6.2","Review score","12 reviews"
"Native Manchester","Manchester City Centre, Manchester Show on map","£82","1 night, 1 adult","Studio","1 extra-large double bed","9.3","Superb","1,506 reviews"
"The Ashcroft Apartments","Salford, Manchester Show on map","£91","1 night, 1 adult","King Studio","2 double beds","9.1","Superb","33 reviews"
"Church Street by Supercity Aparthotels","Manchester City Centre, Manchester Show on map","£92","1 night, 1 adult","Executive One Bedroom Suite","1 large double bed","9.0","Superb","799 reviews"
"Media City Salford Quays","Salford, Manchester Show on map","£92","1 night, 1 adult","Deluxe Apartment","1 extra-large double bed","8.7","Fabulous","434 reviews"
"Hyatt Regency Manchester","Manchester Show on map","£95","1 night, 1 adult","Twin Room","2 single beds","9.1","Superb","2,378 reviews"
"The Midland","Manchester City Centre, Manchester Show on map","£99","1 night, 1 adult","Standard Twin Room","2 single beds","8.5","Very good","6,360 reviews"
"Hyatt House Manchester","Manchester Show on map","£100","1 night, 1 adult","Queen Studio","1 double bed","9.4","Superb","797 reviews"
"New Union","Manchester City Centre, Manchester Show on map","£100","1 night, 1 adult","Double Room","1 double bed","8.1","Very good","798 reviews"
"Holiday Inn Manchester-Mediacityuk","Salford, Manchester Show on map","£109","1 night, 1 adult","Standard Double or Twin Room","Beds: 1 double or 2 singles","8.9","Fabulous","1,361 reviews"
"Dakota Manchester","Manchester City Centre, Manchester Show on map","£110","1 night, 1 adult","Classic Double Room","1 double bed","9.6","Exceptional","2,173 reviews"
"Comfortable double bedroom lovely bungalow","Fallowfield, Manchester Show on map","£105","1 night, 1 adult","Bungalow with Garden View","1 double bed","8.2","Very good","5 reviews"
"QuickSpaces Heart of the City","Manchester City Centre, Manchester Show on map","£116","1 night, 1 adult","Two-Bedroom Apartment","5 beds
(2 doubles, 3 sofa beds)","7.8","Good","31 reviews"
"The Edwardian Manchester, A Radisson Collection Hotel","Manchester City Centre, Manchester Show on map","£129","1 night, 1 adult","Collection Superior Room","Beds: 1 double or 2 singles","9.0","Superb","5,047 reviews"
"Hilton Manchester Deansgate","Manchester City Centre, Manchester Show on map","£129","1 night, 1 adult","Queen Hilton Guestroom","1 double bed","8.2","Very good","2,924 reviews"
"Rusholme Rooms","Manchester Show on map","£134","1 night, 1 adult","Two-Bedroom Apartment","6 beds
(4 singles, 2 doubles)","7.6","Good","631 reviews"
"Onyx Suite By Copper & Blossom","Manchester Show on map","£137","1 night, 1 adult","Deluxe Double Room","1 double bed","","",""
"Panache Suite by Copper & Blossom","Manchester Show on map","£137","1 night, 1 adult","Deluxe King Room","1 extra-large double bed","","",""
"Stock Exchange Hotel","Manchester City Centre, Manchester Show on map","£171","1 night, 1 adult","King Room","1 extra-large double bed","9.3","Superb","181 reviews"
"Deluxe 2 Bed Apartment","Manchester City Centre, Manchester Show on map","£180","1 night, 1 adult","Apartment","4 beds
(2 doubles, 2 sofa beds)","","",""
"Spacious Shude Hill Apartment With Balcony","Manchester City Centre, Manchester Show on map","£196","1 night, 1 adult","Apartment with Balcony","6 beds
(4 doubles, 2 sofa beds)","7.8","Good","113 reviews"
"Park Drive TownHouse","Manchester Show on map","£250","1 night, 1 adult","Standard Apartment","14 beds
(7 singles, 5 doubles, 2 sofa beds)","","",""
"The Orchid by Copper & Blossom","Manchester Show on map","£405","1 night, 1 adult","Queen Studio","3 beds
(1 double, 1 sofa bed, 1 large double)","","",""
"Luxury Boudoir Accommodation for 8","Manchester Show on map","£415","1 night, 1 adult","One-Bedroom Apartment","4 beds
(2 doubles, 2 sofa beds)","7.7","Good","6 reviews"
"The City Warehouse Aparthotel","Manchester City Centre, Manchester Show on map","£495","1 night, 1 adult","Two-Bedroom Apartment with Sofa Bed","3 beds
(2 doubles, 1 sofa bed)","8.9","Fabulous","1,339 reviews"
"South Central Contractors Townhouse","Manchester Show on map","£550","1 night, 1 adult","Apartment","11 beds
(3 singles, 8 doubles)","","",""
"My-Places Abbotsfield Court Townhouse 14","Manchester Show on map","£850","1 night, 1 adult","Apartment","10 beds
(5 singles, 4 doubles, 1 sofa bed)","","",""
"The Fox & Hounds Inn","West Burton Show on map","£44","1 night, 1 adult","Double or Twin Room","Multiple bed types","8.6","Fabulous","166 reviews"
"The Wheatsheaf Inn","Carperby Show on map","£55","1 night, 1 adult","Single Room","1 single bed","9.3","Superb","558 reviews"
"The Railway","Skipton Show on map","£55","1 night, 1 adult","Single Room with Shower","1 single bed","9.5","Exceptional","512 reviews"
"Riverview Bed and Breakfast","Richmond Show on map","£55","1 night, 1 adult","Deluxe Double Room with Castle View","1 double bed","9.1","Superb","123 reviews"
"Craiglands Bed and Breakfast, Grassington","Grassington Show on map","£60","1 night, 1 adult","Single Room with Private Bathroom","1 single bed","9.6","Exceptional","122 reviews"
"Strawberry House","Richmond Show on map","£57","1 night, 1 adult","Standard Twin Room with Garden View","2 single beds","9.6","Exceptional","166 reviews"
"The Boars Head","Settle Show on map","£65","1 night, 1 adult","Double Room with Private Bathroom","1 double bed","7.9","Good","464 reviews"
"Pinfold House","Richmond Show on map","£59","1 night, 1 adult","Double Room with Private Bathroom","1 double bed","9.8","Exceptional","129 reviews"
"The Craven Arms","Settle Show on map","£70","1 night, 1 adult","Twin Room","2 single beds","9.1","Superb","351 reviews"
"Low Gingerfield Farm B&B","Richmond Show on map","£72","1 night, 1 adult","Superior Double Room","1 extra-large double bed","9.4","Superb","89 reviews"
"Apple tree hut","Skipton Show on map","£66","1 night, 1 adult","Double Room","1 sofa bed","","",""
"Town House B & B","Skipton Show on map","£73","1 night, 1 adult","Double Room","1 double bed","8.4","Very good","55 reviews"
"Marton Arms Hotel","Ingleton Show on map","£75","1 night, 1 adult","Twin Room","2 single beds","8.8","Fabulous","260 reviews"
"Nutstile Farm Bed and Breakfast","Ingleton Show on map","£68","1 night, 1 adult","Deluxe Double Room with Shower","1 double bed","9.6","Exceptional","192 reviews"
"The Dante Arms","Middleham Show on map","£68","1 night, 1 adult","Budget Double Room","1 double bed","8.0","Very good","137 reviews"
"The Crown Hotel","Horton in Ribblesdale Show on map","£75","1 night, 1 adult","Single Room with Shared Bathroom","1 single bed","7.7","Good","133 reviews"
"Red Lion Hotel","Burnsall Show on map","£78","1 night, 1 adult","Manor House Compact Double","1 large double bed","8.6","Fabulous","881 reviews"
"Broad Croft House","Horton in Ribblesdale Show on map","£78","1 night, 1 adult","Deluxe Double or Twin Room","Beds: 1 double or 2 singles","9.8","Exceptional","251 reviews"
"New Inn Hotel","Clapham Show on map","£79","1 night, 1 adult","Standard Double Room","1 double bed","8.9","Fabulous","524 reviews"
"The Buck Inn","Buckden Show on map","£73","1 night, 1 adult","Standard Double Room","1 double bed","9.2","Superb","140 reviews"
"Rose & Crown Hotel","Bainbridge Show on map","£74","1 night, 1 adult","Double or Twin Room","2 beds
(1 single, 1 double)","7.4","Good","162 reviews"
"The Golden Lion at Settle","Settle Show on map","£85","1 night, 1 adult","Double Room","1 double bed","9.0","Superb","442 reviews"
"The Garsdale Bed & Breakfast","Hawes Show on map","£85","1 night, 1 adult","Double Room","Beds: 1 double or 2 singles","9.3","Superb","133 reviews"
"The Frenchgate Restaurant & Hotel","Richmond Show on map","£88","1 night, 1 adult","Executive Single Room","1 single bed","8.8","Fabulous","202 reviews"
"Boutique 25","Skipton Show on map","£90","1 night, 1 adult","Superior Double Room","1 double bed","7.1","Good","298 reviews"
"Masons Arms","Skipton Show on map","£90","1 night, 1 adult","Twin Room","2 single beds","8.6","Fabulous","132 reviews"
"The Foresters Arms","Carlton Show on map","£105","1 night, 1 adult","Twin Room","2 single beds","9.4","Superb","98 reviews"
"Napier's Restaurant with Rooms","Skipton Show on map","£108","1 night, 1 adult","Small Double Room","1 double bed","8.8","Fabulous","93 reviews"
"Cocketts Hotel","Hawes Show on map","£110","1 night, 1 adult","Double Room with Private Bathroom","1 double bed","9.0","Superb","78 reviews"
"Self catering Skipton town centre apartment","Skipton Show on map","£102","1 night, 1 adult","One-Bedroom Apartment","2 beds
(1 sofa bed, 1 large double)","8.6","Fabulous","69 reviews"
"The Coach House Skipton","Skipton Show on map","£121","1 night, 1 adult","Luxury Double Room with Shower","1 double bed","8.4","Very good","131 reviews"
"Hack and Spade","Richmond Show on map","£125","1 night, 1 adult","King Room","1 large double bed","9.7","Exceptional","89 reviews"
"Georgian Villa in Richmond on the River Swale","Richmond Show on map","£778","1 night, 1 adult","Villa","7 beds
(1 single, 1 double, 5 extra-large doubles)","","",""
"New County Hotel by RoomsBooked","Gloucester Show on map","£30","1 night, 1 adult","Budget Double or Twin Room","Beds: 1 double or 2 singles","8.0","Very good","1,648 reviews"
"Central Studios Gloucester Road by RoomsBooked","Cheltenham Show on map","£30","1 night, 1 adult","Double Room","1 double bed","6.8","Review score","410 reviews"
"The Belfry Hotel","Little Dean Show on map","£30","1 night, 1 adult","Standard Single Room","1 single bed","8.2","Very good","281 reviews"
"Central Hotel Cheltenham by Roomsbooked","Cheltenham Show on map","£31","1 night, 1 adult","En Suite Single Room","1 single bed","7.5","Good","597 reviews"
"ibis Gloucester","Gloucester Show on map","£34","1 night, 1 adult","Standard Twin Room","2 single beds","8.1","Very good","3,359 reviews"
"Central Hotel Gloucester by RoomsBooked","Gloucester Show on map","£35","1 night, 1 adult","Twin Room","2 single beds","8.3","Very good","1,519 reviews"
"Days Inn Michaelwood M5","Falfield Show on map","£38","1 night, 1 adult","Double Room","1 double bed","8.6","Fabulous","853 reviews"
"The Beacon & Railway Hotel","Stonehouse Show on map","£40","1 night, 1 adult","Triple Room","Multiple bed types","8.5","Very good","232 reviews"
"Linden Tree","Gloucester Show on map","£40","1 night, 1 adult","Single Room with Private Bathroom","1 single bed","8.6","Fabulous","21 reviews"
"Alice Guest house","Cheltenham Show on map","£40","1 night, 1 adult","Double Room with Shared Bathroom","1 double bed","8.4","Very good","280 reviews"
"The Swan Hotel","Almondsbury Show on map","£45","1 night, 1 adult","Deluxe Room","1 extra-large double bed","7.3","Good","360 reviews"
"The London Inn","Cheltenham Show on map","£45","1 night, 1 adult","Single Room","1 single bed","8.0","Very good","35 reviews"
"Rangeworthy Court","Rangeworthy Show on map","£45","1 night, 1 adult","Twin Room with Private Bathroom","2 single beds","6.5","Review score","339 reviews"
"The Riverside","Lechlade Show on map","£49","1 night, 1 adult","Single Room with Private Bathroom","1 single bed","8.2","Very good","377 reviews"
"Eliot Arms","Cirencester Show on map","£50","1 night, 1 adult","Standard Double Room","1 double bed","6.8","Review score","278 reviews"
"Holiday Inn Express Gloucester - South","Gloucester Show on map","£52","1 night, 1 adult","Twin Room","2 single beds","8.4","Very good","2,081 reviews"
"DoubleTree by Hilton Cheltenham","Cheltenham Show on map","£54","1 night, 1 adult","Single Guest Room","1 single bed","8.0","Very good","2,717 reviews"
"Holiday Inn Gloucester / Cheltenham","Gloucester Show on map","£55","1 night, 1 adult","Executive Double Room","1 large double bed","7.8","Good","826 reviews"
"Delta Hotels by Marriott Cheltenham Chase","Cheltenham Show on map","£55","1 night, 1 adult","Deluxe King Room","1 extra-large double bed","8.3","Very good","1,060 reviews"
"Hatherley Manor Hotel & Spa","Gloucester Show on map","£55","1 night, 1 adult","Classic Twin Room without Spa Access","2 single beds","7.7","Good","889 reviews"
"Mercure Gloucester Bowden Hall Hotel","Gloucester Show on map","£55","1 night, 1 adult","Classic Double Room","1 double bed","8.2","Very good","874 reviews"
"Best Western Gables Hotel","Falfield Show on map","£55","1 night, 1 adult","Standard King Room","1 extra-large double bed","8.5","Very good","321 reviews"
"Jurys Inn Cheltenham","Cheltenham Show on map","£59","1 night, 1 adult","Standard Double or Twin Room","2 beds
(1 single, 1 double)","8.3","Very good","1,551 reviews"
"The Ormond At Tetbury","Tetbury Show on map","£59","1 night, 1 adult","Standard Double  Room","1 double bed","8.6","Fabulous","674 reviews"
"The Bell Inn","Frampton on Severn Show on map","£55","1 night, 1 adult","Small Double Room","1 double bed","8.7","Fabulous","131 reviews"
"Central Serviced Apartments by Roomsbooked","Cheltenham Show on map","£59","1 night, 1 adult","Studio Apartment","2 beds
(1 double, 1 sofa bed)","6.4","Review score","104 reviews"
"Malmaison Cheltenham","Cheltenham Show on map","£60","1 night, 1 adult","CosyDouble Room","1 double bed","8.1","Very good","1,391 reviews"
"White Hart Inn","Cinderford Show on map","£55","1 night, 1 adult","Deluxe Double Room with Shower","1 double bed","8.5","Very good","161 reviews"
"The Abbey","Cheltenham Show on map","£64","1 night, 1 adult","Single Room","1 single bed","9.2","Superb","396 reviews"
"The Bull Hotel","Fairford Show on map","£65","1 night, 1 adult","Small Single Room","1 single bed","8.7","Fabulous","476 reviews"
"Swan Hotel","Wotton under Edge Show on map","£65","1 night, 1 adult","Room 14","Beds: 1 double or 2 singles","8.6","Fabulous","287 reviews"
"The White Hart","Stonehouse Show on map","£65","1 night, 1 adult","Economy Double Room","1 double bed","8.9","Fabulous","238 reviews"
"Greensleeves","Cirencester Show on map","£59","1 night, 1 adult","Double Room with Private Bathroom","1 double bed","","",""
"The Red Lion","Newent Show on map","£59","1 night, 1 adult","Double or Twin Room with Private Bathroom","Beds: 1 double or 2 singles","9.2","Superb","27 reviews"
"Cheltenham Lawn and Pittvile Gallery","Cheltenham Show on map","£65","1 night, 1 adult","Single Room with Shower","1 single bed","8.4","Very good","174 reviews"
"Edale House B&B","Parkend Show on map","£69","1 night, 1 adult","Double Room with Private Bathroom","Multiple bed types","9.3","Superb","73 reviews"
"Orchard Cottage","Pucklechurch Show on map","£63","1 night, 1 adult","Double Room with Private Bathroom","1 double bed","","",""
"Star Cottages","Stroud Show on map","£64","1 night, 1 adult","Double Room","1 double bed","8.4","Very good","214 reviews"
"The George Inn & Millingbrook Lodge","Lydney Show on map","£70","1 night, 1 adult","Twin Room","2 single beds","8.4","Very good","254 reviews"
"The Huntsman Inn","Falfield Show on map","£64","1 night, 1 adult","Deluxe Double Room","1 double bed","8.3","Very good","3 reviews"
"The Lodge Rooms","Coleford Show on map","£66","1 night, 1 adult","Double Room","2 beds
(1 single, 1 large double)","8.1","Very good","66 reviews"
"The Kings Head Inn","Longhope Show on map","£72","1 night, 1 adult","Double Room with Balcony","1 large double bed","8.3","Very good","125 reviews"
"Three Ways House Hotel; BW Signature Collection","Chipping Campden Show on map","£74","1 night, 1 adult","Standard Single Room","1 single bed","8.5","Very good","555 reviews"
"The Farmers Boy Inn Guest House","Longhope Show on map","£74","1 night, 1 adult","Double or Twin Room","Beds: 1 double or 2 singles","8.6","Fabulous","193 reviews"
"B - Simply Rooms","Stow on the Wold Show on map","£75","1 night, 1 adult","Classic Double Room","1 large double bed","9.5","Exceptional","398 reviews"
"Deanfield","Parkend Show on map","£75","1 night, 1 adult","Classic Double Room - Ground Floor","1 double bed","9.6","Exceptional","152 reviews"
"The Bell Inn","Lechlade Show on map","£79","1 night, 1 adult","Standard Double Room","1 double bed","9.1","Superb","337 reviews"
"Five Alls","Lechlade Show on map","£80","1 night, 1 adult","Double Room with Private Bathroom","1 large double bed","8.5","Very good","134 reviews"
"The Globe Inn Alvington","Alvington Show on map","£80","1 night, 1 adult","Double or Twin Room with Private Bathroom","1 large double bed","8.4","Very good","42 reviews"
"Cotswold Cottage Guesthouse","Stow on the Wold Show on map","£80","1 night, 1 adult","Deluxe Double Room","1 extra-large double bed","8.6","Fabulous","166 reviews"
"Tibbiwell Lodge","Painswick Show on map","£70","1 night, 1 adult","Twin Room with Private Bathroom","2 single beds","9.4","Superb","78 reviews"
"Brunswick Square Apartments by Roomsbooked","Gloucester Show on map","£83","1 night, 1 adult","One-Bedroom Apartment","2 beds
(1 double, 1 sofa bed)","7.7","Good","68 reviews"
"The Cheltenham Townhouse & Apartments","Cheltenham Show on map","£74","1 night, 1 adult","Budget Double Room with Private Bathroom","1 double bed","9.0","Superb","1,558 reviews"
"Cotswold Grange","Cheltenham Show on map","£85","1 night, 1 adult","Small Double Room","1 double bed","8.9","Fabulous","879 reviews"
"Clarence Court Hotel","Cheltenham Show on map","£85","1 night, 1 adult","Single Room","1 single bed","8.6","Fabulous","629 reviews"
"Bodkin House Hotel","Petty France Show on map","£85","1 night, 1 adult","Standard Double Room","1 double bed","8.6","Fabulous","345 reviews"
"Jessop House","Tewkesbury Show on map","£85","1 night, 1 adult","Superior King-Size Room","1 large double bed","9.4","Superb","232 reviews"
"Malt House","Berkeley Show on map","£75","1 night, 1 adult","Classic Double Room","1 double bed","8.7","Fabulous","70 reviews"
"The Limes","Stow on the Wold Show on map","£90","1 night, 1 adult","Budget Double Room","1 double bed","9.4","Superb","254 reviews"
"Beautiful Coach House","Gloucester Show on map","£79","1 night, 1 adult","Two-Bedroom House","2 double beds","9.5","Exceptional","57 reviews"
"Falcon Inn","Painswick Show on map","£93","1 night, 1 adult","Standard Double Room","1 double bed","8.9","Fabulous","272 reviews"
"The Churchill Arms","Chipping Campden Show on map","£100","1 night, 1 adult","Standard Double Room","1 double bed","8.6","Fabulous","261 reviews"
"The Colesbourne Inn","Colesbourne Show on map","£88","1 night, 1 adult","Classic Double Room","Beds: 1 double or 2 singles","9.1","Superb","577 reviews"
"81 The Prom","Cheltenham Show on map","£120","1 night, 1 adult","Classic Double Room","1 large double bed","8.7","Fabulous","396 reviews"
"Burrows Court, Self catering Charming House near the Cotswold Way","Dursley Show on map","£114","1 night, 1 adult","One-Bedroom Apartment","1 double bed","9.0","Superb","3 reviews"
"Mill Cottage - Ash Farm Cotswolds","Stow on the Wold Show on map","£117","1 night, 1 adult","King Room with Garden View","2 beds
(1 single, 1 large double)","9.5","Exceptional","130 reviews"
"Old Bank Rooms","Bourton on the Water Show on map","£140","1 night, 1 adult","Deluxe Double Room with Shower","1 double bed","9.1","Superb","13 reviews"
"Family and dog friendly 3 bedroom house overlooking Pittville Park, Cheltenham","Cheltenham Show on map","£123","1 night, 1 adult","Three-Bedroom House","4 beds
(3 singles, 1 large double)","","",""
"The Crown Inn","Rodmarton Show on map","£150","1 night, 1 adult","Family Room","3 beds
(2 singles, 1 double)","8.8","Fabulous","732 reviews"
"Unicorn Aparthotel Suites","Stow on the Wold Show on map","£158","1 night, 1 adult","Two-Bedroom Suite","2 double beds","9.1","Superb","850 reviews"
"Amberley Inn","Stroud Show on map","£160","1 night, 1 adult","Classic Double Room","1 double bed","8.3","Very good","687 reviews"
"Old Church Farm","Rudgeway Show on map","£140","1 night, 1 adult","King Room with Garden View","1 extra-large double bed","9.7","Exceptional","34 reviews"
"2 The Mews, Upper Bath Street","Cheltenham Show on map","£154","1 night, 1 adult","Three-Bedroom House","5 beds
(4 singles, 1 double)","9.7","Exceptional","30 reviews"
"St.Michaels Bistro","Painswick Show on map","£155","1 night, 1 adult","Deluxe Double Room","1 large double bed","9.4","Superb","241 reviews"
"Court House Apartment","Cheltenham Show on map","£158","1 night, 1 adult","Two-Bedroom Apartment","2 beds
(1 extra-large double, 1 large double)","9.8","Exceptional","63 reviews"
"Gatekeepers Lodge, Dyrham Park - Private & Self Contained, deluxe accommodation, 15 mins from Bath","Dyrham Show on map","£184","1 night, 1 adult","One-Bedroom Cottage","1 large double bed","9.0","Superb","8 reviews"
"Beaufort House","Great Badminton Show on map","£1,490","1 night, 1 adult","Holiday Home","15 beds
(10 singles, 5 doubles)","","",""
"blank 2 rooms","Cambridge Show on map","£2,190","1 night, 1 adult","Deluxe Double Room with Shower","1 double bed","","",""
